{"B2": {"min": 0.0, "max": 0.5892}, "B3": {"min": 0.0038393352411031, "max": 0.6452}, "B4": {"min": 0.0, "max": 0.703895924091954}, "B5": {"min": 0.006170942919583, "max": 0.7303755997197043}, "B6": {"min": 0.0018, "max": 0.7466935315129885}, "B7": {"min": 0.0001, "max": 0.7555982872352158}, "B8": {"min": 0.0001, "max": 0.7554273160933074}, "B8A": {"min": 0.0007, "max": 0.7540982266125679}, "B11": {"min": 0.0096, "max": 0.7763484798657263}, "B12": {"min": 0.0069268074155963, "max": 0.8127005168584328}}