{"sim_train_rmse": 0.1263955223462207, "sim_test_rmse": 0.12820524892200252, "sim_train_mae": 0.06488443023354588, "sim_test_mae": 0.06960082480714261, "sim_train_me": 0.0077364830505824685, "sim_test_me": 0.006771647602302384, "sim_train_r2": 0.9913994397513965, "sim_test_r2": 0.9908262891547024, "sim_test_r2_oos": 0.9908428183736036, "val_train_rmse": 0.6306465350464702, "val_test_rmse": 0.4742697105570088, "val_train_mae": 0.46264087190346403, "val_test_mae": 0.29197342036742713, "val_train_me": -0.04927867045067079, "val_test_me": 0.009345275883168656, "val_train_r2": 0.7449838526207511, "val_test_r2": 0.8297272037552842, "val_test_r2_oos": 0.8609229654651296}