{"B2": {"min": 0.0, "max": 0.4772}, "B3": {"min": 0.0, "max": 0.6048}, "B4": {"min": 0.0, "max": 0.5884}, "B5": {"min": 0.0, "max": 0.6743}, "B6": {"min": 0.017616498245592, "max": 0.5739}, "B7": {"min": 0.0343239448070547, "max": 0.6263}, "B8": {"min": 0.0385, "max": 0.6372}, "B8A": {"min": 0.037977690755925, "max": 0.8003}, "B11": {"min": 0.0227926351851123, "max": 1.4058}, "B12": {"min": 0.0, "max": 1.5078}}