{"B2": {"min": 0.0, "max": 1.16}, "B3": {"min": 0.0055483473154333, "max": 1.18}, "B4": {"min": 0.0, "max": 1.1696}, "B5": {"min": 0.0081747430026249, "max": 1.1802}, "B6": {"min": 0.0163, "max": 1.1194}, "B7": {"min": 0.0158, "max": 1.0443}, "B8": {"min": 0.0156, "max": 1.0496}, "B8A": {"min": 0.0064, "max": 1.0063}, "B11": {"min": 0.0019, "max": 0.7534400830911311}, "B12": {"min": 0.0007, "max": 0.6893279539497287}}