{"sim_train_rmse": 0.17048760277815853, "sim_test_rmse": 0.18322951094142864, "sim_train_mae": 0.10355034829272786, "sim_test_mae": 0.11021332281615479, "sim_train_me": -0.0014220375189919004, "sim_test_me": 0.011020492804668294, "sim_train_r2": 0.981179548529596, "sim_test_r2": 0.9792228532399773, "sim_test_r2_oos": 0.9792239123391928, "val_train_rmse": 0.5733421369749453, "val_test_rmse": 0.7369248154354499, "val_train_mae": 0.3966826495117249, "val_test_mae": 0.5654225255409676, "val_train_me": -0.04893919574851767, "val_test_me": 0.2201930047078987, "val_train_r2": 0.7604504890599211, "val_test_r2": 0.6301086941616079, "val_test_r2_oos": 0.7843546141821507}