{"sim_train_rmse": 0.2982228902878454, "sim_test_rmse": 0.306861921395471, "sim_train_mae": 0.20231177172543255, "sim_test_mae": 0.20412370212148595, "sim_train_me": 0.019080137350793457, "sim_test_me": 0.013871062579693002, "sim_train_r2": 0.9465752500795971, "sim_test_r2": 0.9447463372452305, "sim_test_r2_oos": 0.9447697247464715, "val_train_rmse": 0.614058053648334, "val_test_rmse": 0.5808844452055335, "val_train_mae": 0.45152835381489825, "val_test_mae": 0.4024560808606836, "val_train_me": -0.0750516957637473, "val_test_me": -0.15678486548038006, "val_train_r2": 0.7645685518400694, "val_test_r2": 0.7230131979697754, "val_test_r2_oos": 0.7644601293801657}