{
    "bandorder": [
        "cosVZA",
        "cosSZA",
        "cosRAA",
        "B03",
        "B04",
        "B05",
        "B06",
        "B07",
        "B8A",
        "B11",
        "B12"
    ],
    "inp_slope": [
        46.1276679996435,
        3.39646338569994,
        1.00000000087092,
        7.90394858524427,
        6.81837604212543,
        6.46820685273585,
        3.32974863140432,
        2.65613143399398,
        2.70423744100026,
        4.12075186893003,
        3.78477758587545
    ],
    "inp_offset": [
        -45.1276679990928,
        -2.16172421119007,
        -8.44288750023736e-10,
        -0.91087898743336,
        -0.836644402229272,
        -1.00796283258542,
        -1.10252295318708,
        -1.04795407496834,
        -1.08881052473583,
        -1.10671162722667,
        -0.923835871289885
    ],
    "h1wt": [
        -0.0177143362046446,
        0.024411790192971,
        0.0181262469916384,
        0.169853597875758,
        -0.242175364732171,
        -0.266607590419087,
        -0.134307501496669,
        0.374284589494339,
        -0.368560506605915,
        0.216435705648281,
        1.39647875694055,
        0.000492144245378257,
        0.0102609168879569,
        0.0014061350233696,
        0.0782744135572325,
        -0.23315720667534,
        -0.2512136795502,
        -0.47695024322681,
        0.589811849990483,
        1.01775131950421,
        -0.377264397326934,
        0.0460901440031995,
        0.165451910081647,
        -0.715827104770928,
        0.64565149017112,
        -0.182722463163328,
        0.356714534848954,
        -0.264459195138383,
        0.106828922663659,
        -0.87555443104058,
        0.361343598634357,
        -0.137192009044136,
        0.322405448208865,
        0.279337573721298,
        -0.167431746398328,
        -0.017799574520015,
        -0.709564161187526,
        0.472673854365496,
        0.132269813014055,
        -0.794922307126821,
        0.176212044276896,
        -0.465171996560747,
        -0.302238667713431,
        -0.447146905339892,
        0.00435990849806534,
        0.00485237528234703,
        0.00686107692056614,
        0.054616777861377,
        0.506696027211636,
        0.48377977931174,
        -1.24102759030661,
        -1.31833580064817,
        -0.65599176502639,
        0.400994447151326,
        -0.189761190191433
    ],
    "h1bi": [
        1.83096653649058,
        0.0393006387569113,
        0.0529167107892701,
        1.78849566948482,
        -1.95883817541852
    ],
    "h2wt": [
        -0.438694422400557,
        1.02151902136703,
        0.00744952000619836,
        -0.0647940729936366,
        -0.523732511296542
    ],
    "h2bi": [
        -0.00411419533979312
    ],
    "out_slope": [
        2.1229538602334
    ],
    "out_bias": [
        -1.06590680720393
    ]
}