{
    "bandorder": [
        "cosVZA",
        "cosSZA",
        "cosRAA",
        "B03",
        "B04",
        "B05",
        "B06",
        "B07",
        "B8A",
        "B11",
        "B12"
    ],
    "inp_slope": [
        46.1276679996435,
        3.39646338569994,
        1.00000000087092,
        7.90394858524427,
        6.85212792174029,
        6.46820685273585,
        3.32974863140432,
        2.65613143399398,
        2.70423744100026,
        4.12075186893003,
        3.78477758587545
    ],
    "inp_offset": [
        -45.1276679990928,
        -2.16172421119007,
        -8.44288750023736e-10,
        -0.91087898743336,
        -0.845736039354646,
        -1.00796283258542,
        -1.10252295318708,
        -1.04795407496834,
        -1.08881052473583,
        -1.10671162722667,
        -0.923835871289885
    ],
    "h1wt": [
        -0.286565001509291,
        -0.133630459869208,
        -0.0777089756991536,
        0.411026959550095,
        0.718022907033782,
        0.015548596733656,
        -0.190768022495529,
        -0.314092757502847,
        -0.808873789402557,
        1.01143573888565,
        -0.129700760683701,
        -0.00897327799771514,
        0.0772453002916377,
        -0.0367744711043652,
        0.295476126094772,
        0.388986735816639,
        -0.269369998066099,
        -0.399835037096055,
        -0.404297478628231,
        -1.19590018261723,
        0.277055512831629,
        0.640218955143721,
        0.623031532455815,
        0.567573690351286,
        0.748273270736216,
        -0.683596692361938,
        0.0821261587088418,
        0.443988333439989,
        0.474126998099271,
        -0.150737686371251,
        -0.256906095680757,
        0.405251617131341,
        0.261848770460499,
        0.00195500937998778,
        -0.115225286310414,
        -0.0115948520310352,
        -0.00453172905125099,
        0.175896062388977,
        0.319708877482285,
        0.754253959840372,
        -0.016888682543649,
        -0.741136698150696,
        0.0721340707838346,
        -1.07599789765117,
        0.0207389281797691,
        0.0415535317180776,
        2.19388047337978e-05,
        -0.308009912536085,
        0.210183641212412,
        0.0135717827438001,
        1.21056651961471,
        -1.20136716931855,
        -0.801160500350155,
        0.806260702299608,
        0.727977847385488
    ],
    "h1bi": [
        1.7082441462904,
        -0.997119901152928,
        -0.0336281865676037,
        -0.71352884663515,
        1.52284072286871
    ],
    "h2wt": [
        -0.136532160639731,
        -0.307290775814946,
        -0.0170277741410373,
        -0.394912411541537,
        -0.984957322756001
    ],
    "h2bi": [
        -0.112691048864774
    ],
    "out_slope": [
        0.217995177502859
    ],
    "out_bias": [
        -1.01447450119108
    ]
}