{"B2": {"min": 0.0052156628152307, "max": 1.392}, "B3": {"min": 0.0098880641743031, "max": 1.3848}, "B4": {"min": 0.003808725923304, "max": 1.3192}, "B5": {"min": 0.0173916094572805, "max": 1.3644}, "B6": {"min": 0.046, "max": 1.2563}, "B7": {"min": 0.0466, "max": 1.1573}, "B8": {"min": 0.048, "max": 1.08}, "B8A": {"min": 0.0461, "max": 1.0532}, "B11": {"min": 0.0045, "max": 0.7921981537810058}, "B12": {"min": 0.0022, "max": 0.7202013675857035}}