{"B2": {"min": 0.0, "max": 1.392}, "B3": {"min": 0.0, "max": 1.3848}, "B4": {"min": 0.0, "max": 1.3192}, "B5": {"min": 0.0, "max": 1.3644}, "B6": {"min": 0.0421224717280962, "max": 1.2563}, "B7": {"min": 0.0412099778030658, "max": 1.1573}, "B8": {"min": 0.0528, "max": 1.08}, "B8A": {"min": 0.0535, "max": 1.0532}, "B11": {"min": 0.0045, "max": 0.7921981537810058}, "B12": {"min": 0.0, "max": 0.7202013675857035}}