{"sim_train_rmse": 0.02069862212236835, "sim_test_rmse": 0.018934098948106756, "sim_train_mae": 0.011515190123389293, "sim_test_mae": 0.011395888817653955, "sim_train_me": 0.0011407472403699365, "sim_test_me": 0.0020204051427435005, "sim_train_r2": 0.9956993226627625, "sim_test_r2": 0.9963320157300823, "sim_test_r2_oos": 0.9963325073749052, "val_train_rmse": 0.1487761157898938, "val_test_rmse": 0.17420506769198058, "val_train_mae": 0.10186870676353389, "val_test_mae": 0.12183612598537334, "val_train_me": 0.01274604572254533, "val_test_me": 0.06336359265287593, "val_train_r2": 0.7771735893794106, "val_test_r2": 0.5109544719318864, "val_test_r2_oos": 0.7630574114365497}