{"B2": {"min": 0.0, "max": 1.0792}, "B3": {"min": 0.0, "max": 1.0648}, "B4": {"min": 0.0, "max": 1.0664}, "B5": {"min": 0.0084500869419502, "max": 1.0829}, "B6": {"min": 0.0299, "max": 1.0392}, "B7": {"min": 0.0302, "max": 0.9882}, "B8": {"min": 0.0292, "max": 0.9792}, "B8A": {"min": 0.0307, "max": 0.9418}, "B11": {"min": 0.0039, "max": 0.7406639880124354}, "B12": {"min": 0.0029, "max": 0.7202013675857035}}