{"sim_train_rmse": 0.05784675488636386, "sim_test_rmse": 0.05785797746831719, "sim_train_mae": 0.04147478581615723, "sim_test_mae": 0.042268536259534875, "sim_train_me": -0.004151625585384589, "sim_test_me": -0.007468499359795377, "sim_train_r2": 0.9696670313739809, "sim_test_r2": 0.969589736809267, "sim_test_r2_oos": 0.9695995801669581, "val_train_rmse": 0.15168859517164646, "val_test_rmse": 0.1560849378530582, "val_train_mae": 0.1052607535450584, "val_test_mae": 0.11076757673853693, "val_train_me": -0.0140647039262404, "val_test_me": -0.01867282796057339, "val_train_r2": 0.7857419525642261, "val_test_r2": 0.6921536587198289, "val_test_r2_oos": 0.7082247178377814}