{
    "bandorder": [
        "cosVZA",
        "cosSZA",
        "cosRAA",
        "B03",
        "B04",
        "B05",
        "B06",
        "B07",
        "B8A",
        "B11",
        "B12"
    ],
    "inp_slope": [
        46.1276679996435,
        3.39646338569994,
        1.00000000087092,
        7.59604116205708,
        6.34216816258415,
        6.008903163368,
        3.43913178987074,
        2.63504694579446,
        2.67528588381667,
        4.33376658242757,
        3.75590131766969
    ],
    "inp_offset": [
        -45.1276679990928,
        -2.16172421119007,
        -8.44288750023736e-10,
        -0.917565726985267,
        -0.778917574302461,
        -1.01765504087903,
        -1.04839476877763,
        -1.06604702096644,
        -1.0516519588267,
        -1.1784441790142,
        -0.930619236414109
    ],
    "h1wt": [
        -0.0196522793297009,
        -0.0480983772258391,
        0.230231467833244,
        -0.205786712026695,
        0.316306043588611,
        -0.399486783504666,
        -0.786318763546654,
        -0.746541649964371,
        0.783140842891853,
        -0.526540400962425,
        0.443271551661111,
        0.362598204956069,
        -0.781931901313262,
        0.593142881684049,
        -0.109968742677553,
        0.490954843726714,
        0.334324779865324,
        -0.701218358096782,
        0.141978907101112,
        0.638578755680585,
        -0.135924676437463,
        -0.475176745168064,
        -0.265022621435115,
        0.607472596234161,
        0.0564982793458836,
        0.11477615530519,
        0.0778675598047406,
        0.369572868951028,
        -0.707968670287282,
        0.545148015253564,
        0.760263511324968,
        -0.305218811221367,
        0.75961177684011,
        0.154762563767854,
        0.241463241759265,
        -0.0799832059209709,
        -0.181926775483577,
        -0.909532240804676,
        -0.120124785034364,
        -0.635621343518611,
        0.779814890011579,
        0.370383211315973,
        -0.564242829884025,
        0.417590646477305,
        -0.509330497682913,
        0.453213887237556,
        -0.542372142993619,
        0.743665551165091,
        -0.372123742201169,
        0.283931167060131,
        -0.661028366791724,
        -0.139312602330855,
        -0.685027058429997,
        0.168608589516533,
        -0.398820161651076
    ],
    "h1bi": [
        1.631428794935,
        -0.815471353704019,
        -0.0434472111425532,
        0.781109990211275,
        -1.6022284471169
    ],
    "h2wt": [
        0.496397690261344,
        -0.163239845068254,
        -0.332664277303508,
        -0.528365582487174,
        0.403228973570006
    ],
    "h2bi": [
        -0.390267919118038
    ],
    "out_slope": [
        12.7423227060997
    ],
    "out_bias": [
        -1.00003057108318
    ]
}