{
    "bandorder": [
        "cosVZA",
        "cosSZA",
        "cosRAA",
        "B03",
        "B04",
        "B05",
        "B06",
        "B07",
        "B8A",
        "B11",
        "B12"
    ],
    "inp_slope": [
        46.1276679996435,
        3.39646338569994,
        1.00000000087092,
        7.59604116205708,
        6.34216816258415,
        6.008903163368,
        3.43913178987074,
        2.63504694579446,
        2.67528588381667,
        4.33376658242757,
        3.75590131766969
    ],
    "inp_offset": [
        -45.1276679990928,
        -2.16172421119007,
        -8.44288750023736e-10,
        -0.917565726985267,
        -0.778917574302461,
        -1.01765504087903,
        -1.04839476877763,
        -1.06604702096644,
        -1.0516519588267,
        -1.1784441790142,
        -0.930619236414109
    ],
    "h1wt": [
        0.301059593346039,
        -0.566203617299932,
        0.588772736908264,
        0.515567404471637,
        0.336094190447752,
        0.664604686125938,
        0.134163663616311,
        0.0527046309807825,
        0.215588974421062,
        0.839878248621875,
        0.521589250708018,
        0.541929256935165,
        -0.518520590674216,
        0.237048399114567,
        -0.709022532276618,
        -0.103679639490242,
        0.731515284637219,
        0.0816661266711858,
        -0.42429035407792,
        0.788769742707381,
        0.358353613155809,
        0.134724140457642,
        0.196492303541092,
        0.502467175121567,
        -0.643894996249333,
        0.457803565041589,
        0.464816704605514,
        -0.0514145794654972,
        -0.732393274787927,
        -0.156684922394426,
        0.572710460701368,
        0.392993219828395,
        0.642882542765414,
        -0.242400997593547,
        0.464042578518714,
        -0.191289887847895,
        -0.738647466200261,
        -0.108877994896506,
        0.123247879275681,
        -0.519377384725072,
        0.2336515287158,
        -0.855230797340243,
        0.295677159572917,
        0.774537392447396,
        -0.604831643542578,
        -0.467008658760399,
        -0.530693909647828,
        -0.658685368612814,
        0.319745236316437,
        -0.722133422911619,
        -0.10063703319455,
        0.724957414062647,
        -0.19683591169051,
        -0.0966717339929837,
        0.317451436892162
    ],
    "h1bi": [
        -1.61777101663292,
        -0.819810142628873,
        0.0317714548281301,
        -0.809184858871375,
        -1.63676342237899
    ],
    "h2wt": [
        0.451860504247882,
        -0.214781713733955,
        0.34742799692196,
        -0.0838949474379819,
        -0.622585548907827
    ],
    "h2bi": [
        -0.703097857644095
    ],
    "out_slope": [
        12.9765975083541
    ],
    "out_bias": [
        -1.00055216281909
    ]
}