{
    "bandorder": [
        "cosVZA",
        "cosSZA",
        "cosRAA",
        "B03",
        "B04",
        "B05",
        "B06",
        "B07",
        "B8A",
        "B11",
        "B12"
    ],
    "inp_slope": [
        46.1276679996435,
        3.39646338569994,
        1.00000000087092,
        7.90394858524427,
        6.81837604212543,
        6.46820685273585,
        3.32974863140432,
        2.65613143399398,
        2.70423744100026,
        4.12075186893003,
        3.78477758587545
    ],
    "inp_offset": [
        -45.1276679990928,
        -2.16172421119007,
        -8.44288750023736e-10,
        -0.91087898743336,
        -0.836644402229272,
        -1.00796283258542,
        -1.10252295318708,
        -1.04795407496834,
        -1.08881052473583,
        -1.10671162722667,
        -0.923835871289885
    ],
    "h1wt": [
        -0.0917762973159852,
        0.157776428777704,
        0.6374933011021,
        0.571106232328604,
        -0.736046898333927,
        -0.220894343647656,
        -0.206302348562272,
        -0.959670483035634,
        -0.184961923386458,
        -0.334752120615841,
        -0.272258974811564,
        -0.0088604187323533,
        -0.0149960927372745,
        0.0169926080720746,
        0.0241173217381917,
        -0.394139616024407,
        -0.411972016143258,
        0.229477781437301,
        1.04561899331684,
        1.11634401504583,
        -0.585063768485037,
        0.221262634159791,
        0.237445239005552,
        0.60119885004376,
        -0.130356827248439,
        -0.397873083512012,
        -1.03883726137635,
        -0.963701413148366,
        -0.0919714863153945,
        -0.0307323484712305,
        0.380720263401422,
        -0.207018963418128,
        0.323211678591502,
        -0.260356971712992,
        -0.0497979460907964,
        -0.0281815835300255,
        0.717277088005466,
        0.251856918421401,
        -0.454328063665353,
        0.219010653796367,
        -0.330538319600625,
        0.829899041298325,
        -0.583918417622943,
        -0.730415198692708,
        -0.015815544859376,
        0.00703582404598546,
        -0.0173945755029404,
        -0.10374718614884,
        0.456054916246456,
        0.0905966676716354,
        0.486230678976548,
        -0.415368766477252,
        -1.43044155627705,
        0.35783131821784,
        0.690162944901884
    ],
    "h1bi": [
        -1.59560113418524,
        1.26538151111289,
        0.21926922594889,
        -0.755883204309768,
        0.807682617717742
    ],
    "h2wt": [
        -0.0283557869050237,
        0.837310747304901,
        0.0537260997707511,
        0.0399638440833726,
        -0.561113029140469
    ],
    "h2bi": [
        -0.372587270772443
    ],
    "out_slope": [
        2.07549347255671
    ],
    "out_bias": [
        -1.0563304473514
    ]
}