{
    "bandorder": [
        "cosVZA",
        "cosSZA",
        "cosRAA",
        "B03",
        "B04",
        "B05",
        "B06",
        "B07",
        "B8A",
        "B11",
        "B12"
    ],
    "inp_slope": [
        46.1276679996435,
        3.39646338569994,
        1.00000000087092,
        7.59604116205708,
        6.34216816258415,
        6.008903163368,
        3.43913178987074,
        2.63504694579446,
        2.67528588381667,
        4.33376658242757,
        3.75590131766969
    ],
    "inp_offset": [
        -45.1276679990928,
        -2.16172421119007,
        -8.44288750023736e-10,
        -0.917565726985267,
        -0.778917574302461,
        -1.01765504087903,
        -1.04839476877763,
        -1.06604702096644,
        -1.0516519588267,
        -1.1784441790142,
        -0.930619236414109
    ],
    "h1wt": [
        0.00840137271497689,
        -0.0064120181590708,
        0.0359118650476955,
        -1.18676177052853,
        0.394547281620199,
        -1.10466032613663,
        -0.260963097190013,
        0.786033361750274,
        0.443229461252475,
        0.316798190822263,
        -0.209846199939918,
        0.0327721325364478,
        -0.0404111155695997,
        -0.0348364152690482,
        0.822396774096939,
        -0.171345709406668,
        1.39521762636709,
        0.763928867781075,
        0.214489301910345,
        -0.958763393058759,
        1.21342440184225,
        -0.321985442298913,
        -0.314468212444359,
        -0.578397458046323,
        0.090154742976945,
        -0.224700754915157,
        0.139725410486666,
        0.551057376948226,
        0.410108133963988,
        0.75041686879779,
        -0.426891115611243,
        -0.846696352037382,
        -0.0452780029742452,
        0.0167666426782305,
        -0.0461744664278755,
        0.0162763686456176,
        0.07466349044738,
        -0.499270170322766,
        0.117239670500069,
        0.788704130522556,
        0.794731687638818,
        1.56168546943317,
        0.422285591473671,
        -0.284288809869669,
        -0.00637828986019931,
        0.016302019792777,
        -0.0128500548430042,
        0.608617874797355,
        -0.309088366732684,
        0.511198017514142,
        -0.0068031051231844,
        -1.340906781653,
        -0.381685251582039,
        0.354128068768307,
        0.796647402898521
    ],
    "h1bi": [
        -2.02325093965809,
        0.671755108001577,
        0.0621059708547888,
        1.6892760638733,
        2.13672996465084
    ],
    "h2wt": [
        -0.662488638138517,
        -0.177065380796293,
        -0.0107257301146306,
        0.177950229066443,
        -0.74595795268111
    ],
    "h2bi": [
        -0.753429141857715
    ],
    "out_slope": [
        0.467646593298428
    ],
    "out_bias": [
        -1.00029382252545
    ]
}