{"B2": {"min": 0.0, "max": 0.5288}, "B3": {"min": 0.0, "max": 0.58441041700497}, "B4": {"min": 0.0, "max": 0.6497903927206532}, "B5": {"min": 0.0032761949002065, "max": 0.6765890779803365}, "B6": {"min": 0.0001, "max": 0.837378750962405}, "B7": {"min": 0.0001, "max": 0.86551292122248}, "B8": {"min": 0.0001, "max": 0.876738410387626}, "B8A": {"min": 0.0001, "max": 0.87010247780617}, "B11": {"min": 0.0, "max": 0.7981119263531449}, "B12": {"min": 0.0, "max": 0.7161302179842565}}