{"sim_train_rmse": 0.02974640359489039, "sim_test_rmse": 0.02496879186093774, "sim_train_mae": 0.01996841942093094, "sim_test_mae": 0.018154036709083644, "sim_train_me": -0.0004086831999977068, "sim_test_me": 0.0011174896144310175, "sim_train_r2": 0.9901801191394546, "sim_test_r2": 0.9928447865473501, "sim_test_r2_oos": 0.9929423074942433, "val_train_rmse": 0.16061591776735962, "val_test_rmse": 0.1216785952225041, "val_train_mae": 0.11674785885743082, "val_test_mae": 0.07860307345295993, "val_train_me": -0.027518783106509973, "val_test_me": -0.02465184087807093, "val_train_r2": 0.730200821866442, "val_test_r2": 0.8601645609177877, "val_test_r2_oos": 0.8909313883305686}