{"sim_train_rmse": 0.02808805044201475, "sim_test_rmse": 0.0205415145535485, "sim_train_mae": 0.01862710303333408, "sim_test_mae": 0.016040434579661707, "sim_train_me": -0.0007249721991639609, "sim_test_me": 0.0011085446979448926, "sim_train_r2": 0.9913910758775081, "sim_test_r2": 0.9953126150325117, "sim_test_r2_oos": 0.9953175488040544, "val_train_rmse": 0.1424380155902299, "val_test_rmse": 0.1956321842871856, "val_train_mae": 0.09798858946897093, "val_test_mae": 0.1516951343025474, "val_train_me": -0.02251624965328014, "val_test_me": -0.09060259190355176, "val_train_r2": 0.8073413840607097, "val_test_r2": 0.5578391457790879, "val_test_r2_oos": 0.5847304331646379}