{"sim_train_rmse": 0.06977777576502839, "sim_test_rmse": 0.069165644160216, "sim_train_mae": 0.04780462466252571, "sim_test_mae": 0.048649126623521576, "sim_train_me": 0.005296295517993701, "sim_test_me": 0.006162058403890123, "sim_train_r2": 0.944436119371998, "sim_test_r2": 0.9438166768249507, "sim_test_r2_oos": 0.9438312987917371, "val_train_rmse": 0.15523901881507224, "val_test_rmse": 0.14820786387779808, "val_train_mae": 0.11113776643217163, "val_test_mae": 0.10141867387064282, "val_train_me": -0.02713374787056481, "val_test_me": -0.005734801759390135, "val_train_r2": 0.758980792906702, "val_test_r2": 0.791419239006997, "val_test_r2_oos": 0.8073312281264372}