{"B2": {"min": 0.0, "max": 1.4192}, "B3": {"min": 0.0057160286130733, "max": 1.4352}, "B4": {"min": 0.0, "max": 1.3896}, "B5": {"min": 0.0001, "max": 1.4062}, "B6": {"min": 0.0001, "max": 1.3024}, "B7": {"min": 0.0001, "max": 1.2114}, "B8": {"min": 0.0001, "max": 1.1992}, "B8A": {"min": 0.0001, "max": 1.1178}, "B11": {"min": 0.0005, "max": 0.6321123961233361}, "B12": {"min": 0.0004, "max": 0.622229632057041}}