{"sim_train_rmse": 0.06344972126570556, "sim_test_rmse": 0.055430237288790485, "sim_train_mae": 0.03859756418110601, "sim_test_mae": 0.036933177011068075, "sim_train_me": -7.744494002296565e-05, "sim_test_me": -0.001594405253050284, "sim_train_r2": 0.9466786947817915, "sim_test_r2": 0.9587579334812388, "sim_test_r2_oos": 0.9587909578375954, "val_train_rmse": 0.1391264526056996, "val_test_rmse": 0.18222853142180706, "val_train_mae": 0.10150573063155188, "val_test_mae": 0.14125930557626948, "val_train_me": -0.009444989582410227, "val_test_me": -0.06208744767562124, "val_train_r2": 0.8093120487231409, "val_test_r2": 0.6145359439070752, "val_test_r2_oos": 0.6363326659551326}