{"sim_train_rmse": 0.0626268677976458, "sim_test_rmse": 0.050082652025809686, "sim_train_mae": 0.037318182133978445, "sim_test_mae": 0.03477569742914152, "sim_train_me": 0.0014043315604347461, "sim_test_me": -0.004173658470050805, "sim_train_r2": 0.936848059432092, "sim_test_r2": 0.9605271111386519, "sim_test_r2_oos": 0.9606006938997272, "val_train_rmse": 0.1542640624077332, "val_test_rmse": 0.116359056343018, "val_train_mae": 0.11541001906363099, "val_test_mae": 0.07873744529934598, "val_train_me": -0.01060439698002273, "val_test_me": -0.02204322817103045, "val_train_r2": 0.7463093285203793, "val_test_r2": 0.8624540324268503, "val_test_r2_oos": 0.8931532020357043}