{"sim_train_rmse": 0.07636445641250028, "sim_test_rmse": 0.07084171594062606, "sim_train_mae": 0.048472894924223554, "sim_test_mae": 0.04710585679326044, "sim_train_me": 0.0018960212410172362, "sim_test_me": -0.0035272785530673124, "sim_train_r2": 0.9086504040588576, "sim_test_r2": 0.9101408222872731, "sim_test_r2_oos": 0.9111231872319487, "val_train_rmse": 0.1493816036566092, "val_test_rmse": 0.1399453283646313, "val_train_mae": 0.10897377264177753, "val_test_mae": 0.09752896759386731, "val_train_me": -0.00926348383973272, "val_test_me": 0.003413778159111847, "val_train_r2": 0.7701767198368247, "val_test_r2": 0.8076839718151081, "val_test_r2_oos": 0.8209729162103823}