{"B2": {"min": 0.005823616110181, "max": 1.16}, "B3": {"min": 0.0116796861640732, "max": 1.18}, "B4": {"min": 0.0048928211255426, "max": 1.1696}, "B5": {"min": 0.0199035075877975, "max": 1.1802}, "B6": {"min": 0.0369, "max": 1.1194}, "B7": {"min": 0.0389, "max": 1.0443}, "B8": {"min": 0.0419, "max": 1.0496}, "B8A": {"min": 0.0367, "max": 1.0063}, "B11": {"min": 0.0019, "max": 0.7816051469214854}, "B12": {"min": 0.0007, "max": 0.6478117198415196}}