{"sim_train_rmse": 0.18518805526824317, "sim_test_rmse": 0.19784472926047142, "sim_train_mae": 0.11137241375043447, "sim_test_mae": 0.11818880250341737, "sim_train_me": 0.018645951435481055, "sim_test_me": 0.024497650607285596, "sim_train_r2": 0.9787724432215817, "sim_test_r2": 0.9770620467311499, "sim_test_r2_oos": 0.9771234684323391, "val_train_rmse": 0.6195813973458302, "val_test_rmse": 0.5733665213047567, "val_train_mae": 0.4444859704767457, "val_test_mae": 0.40600945131012156, "val_train_me": -0.09713266400223716, "val_test_me": -0.20751826464288342, "val_train_r2": 0.7706980800129957, "val_test_r2": 0.6689084115601642, "val_test_r2_oos": 0.7080578033114886}