{"sim_train_rmse": 0.14750130224614685, "sim_test_rmse": 0.1567935985998906, "sim_train_mae": 0.08755167813328119, "sim_test_mae": 0.09372676070879798, "sim_train_me": 0.007426516364698089, "sim_test_me": 0.013589413605058527, "sim_train_r2": 0.9821130117599057, "sim_test_r2": 0.979018599655173, "sim_test_r2_oos": 0.9790205590998641, "val_train_rmse": 0.580979670945224, "val_test_rmse": 0.7342103128769157, "val_train_mae": 0.41141283776447224, "val_test_mae": 0.5996274817636121, "val_train_me": -0.07358928518620031, "val_test_me": -0.20625806618081777, "val_train_r2": 0.7774053726572527, "val_test_r2": 0.6701370661229988, "val_test_r2_oos": 0.6926747804026445}