{"sim_train_rmse": 0.07218112572580093, "sim_test_rmse": 0.06696147010280741, "sim_train_mae": 0.045184995144957434, "sim_test_mae": 0.0428590985831637, "sim_train_me": 0.007961806650391421, "sim_test_me": 0.00541328985750625, "sim_train_r2": 0.9271560111401461, "sim_test_r2": 0.9361837766212696, "sim_test_r2_oos": 0.9361850300262972, "val_train_rmse": 0.14694279231160493, "val_test_rmse": 0.14872445568322684, "val_train_mae": 0.10593306051007619, "val_test_mae": 0.10498435765100919, "val_train_me": -0.0031356378985579595, "val_test_me": -0.019179569835152628, "val_train_r2": 0.7929337852622237, "val_test_r2": 0.7079715357270988, "val_test_r2_oos": 0.723431717018848}