{"sim_train_rmse": 0.019012009380129497, "sim_test_rmse": 0.022890901924973197, "sim_train_mae": 0.008274763913805404, "sim_test_mae": 0.009027167884402634, "sim_train_me": -0.0014133339340659517, "sim_test_me": -0.0008811614090636299, "sim_train_r2": 0.9925959332848756, "sim_test_r2": 0.9895288494136952, "sim_test_r2_oos": 0.989530556791519, "val_train_rmse": 0.1436201656902141, "val_test_rmse": 0.16545988921404925, "val_train_mae": 0.09889737195345372, "val_test_mae": 0.1221427818746826, "val_train_me": -0.0017762636442693503, "val_test_me": 0.045752608284812174, "val_train_r2": 0.7835865580152354, "val_test_r2": 0.583875396880997, "val_test_r2_oos": 0.7849811954891512}